Date,Message,count
11/7/2012,Ekkuvagaa contractives vadadam arogyaaniki mamchidi kaadu. Imduvalla kadupulo neppichati noppinausea baruvu peragadamtalanoppi  vamti samasyalu eduravutayi.,156
11/8/2012,Evarikaina HIV infection sokite vaariki saraina  vaidyam jaragakapote sadharanamgaa  ee vyadhi sokina dadapou 10 ellalo AIDS  vachhe avakasam vumtumdi..,152
11/9/2012,Dark chocolates lo anti-oxidantsimka pheylethylamine vumtayi.  Ivi meeru premalo vunnaaranna anubhavaani kaligistaayi.  Infectons raakumda kuda kaapadataayi. ,158
11/10/2012,Missionary position lo sex jarapadam valana conception ayyemduku avalasalunnayi kaabatti idi uttamamainadi.  Sperm yoniloniki ati sameepamga vellagaladu.,153
11/11/2012, Dark chocolates lo anti-oxidantsimka pheylethylamine vumtayi.  Ivi meeru premalo vunnaaranna anubhavaani kaligistaayi.  Infectons raakumda kuda kaapadataayi. ,159
11/12/2012,Garbhavati mahilaki HIV infection vumte aame dwara biddaku  garbham dharimchi vunna samayamlo kaani prasava samayamlo ee infection vachche pramadam vumtumdi.,157
11/13/2012,HIV positive mahila HIV nagative purushudu biddaki HIV sokakumda vumdadaani artificial insemination paddhatini upayogimchavachchunu.,132
11/14/2012,Sex valla energy levels perugutaayani amdariki telusu.  Tarachuga sex lo paalgonadam mamchidi.  Imduvalla stress levels taggadame kakumda baruvu kuda taggutaaru.,161
11/15/2012,Oral sex jaruputunna samayamlo skalamainappudu veeryam notilono sareeram meedo padutumdi.  Kaabatti deenivalla avamchita garbham vastumdanna bhayam vumdadu.. ,158
11/16/2012,HIV infection raakumda vumdadaaniki condoms vadadam vuttamamaina paddhati.  Garbha nirodhaka maatralu vadadam kamte ivi vadadam mamchidi.,137
11/17/2012,Niyamitamgaa Vitamin B-Complex anaga B1 numchi  B5  mariyu B-12 vadadam valla sex patla korika perugutumdi.  Idi rakta prasarananu kuda vruddhi chestumdi.,154
11/18/2012,Okari kamte ekkuvamamdito oral sexlo paalgonnavaariki  STD anagaa sexually transmitted diseases vachche avakasam chaala ekkuvagaa vumtumdi.,139
11/19/2012,Pakkapakkane padukune amga pravesam jarapadam valana eddaripaina takkuva stress padutumdi.  Mukhyamgaa vubakaayam vunnavarikidi chaala upayogamgaa vumtumdi.,156
11/20/2012,Kevalam kallu moosukuni partner ni chumbimchadam valana udrekam pomdagalagadame kaakumda ekkuva aanamdam kuda  pomde avakaasam ekkuvavutumdi.,141
11/21/2012,Sex therapistula amchana prakaram sex lo anamdaanni ekkuvagaa pomdina mahilalu tama sareeram lotupatlani ekkuvaga pattimchukoru.  ,130
11/22/2012,Herpes vunna vyaktule churuggaa virus vyapimpajestaarani emi ledu.  Amduke condom ellappudu upayogimchadam alavaatugaa maaraali.,128
11/23/2012,Laimgika pratispamdana medaduloni neurotransmitters dwara prarambhamavutumdi.  Medadu kanaalanu raktaprasarananu pemchadam dwara marmavayavaalato samdhistayi.,158
11/24/2012,Antidepressants mamdulu vadite mood bagunnatlu  anipimchinappatiki avi medaduloni neurotransmitters balance ni paadu chesi sex ki srushtistayi.,143
11/25/2012,HIV infection vachchinappudu sareera kanaalu balaheenamayi immune system sarigga pani cheyyalekapotumdi.   Amduvalla AIDS baarina padataaru.,140
11/26/2012,Sthreelu tamato snehamgaa vunna vyaktulane ishtapadataarani parisodhanalo telimdi.  Adhikaarapoorvakamgaa pravartimche magavaaramte vaallaki istham vumdadu.,156
11/27/2012,Teenage lo vunnavaarito talidamdruolu snehapooritamgaa vyavaharimchali. Appude vaallu dhairyamgaa tama samasyalanu vaallaki cheppukogalugutaaru.,144
11/28/2012,Sthree  pushudito tana sambhamdaanni tarachugaa bereeju vesukuni choosukumtoo vumtumdi.  Adi purushudu emta akarshaneeyamgaa vunnadane daanimeeda  vumtumdi.,156
11/29/2012,Pillalaki veelainamta twaragaa sareera avayavaala perlu parichayam cheyyadame kaakumdaa marmavayavaala gurimchi cheppadaaniki siggu padakudadu.,143
11/30/2012,Latex leda polyurethane to tayaaraina male condom ayinaa female condom ayinaa -  ee okka technology ye sexual ga HIV raakumdaa kaapaadutumdi.,141
12/1/2012,Rajo nivrutti samayamlo jarige harmonal changes valana yoni kumchimchukupotumdi.  Amte kaakumdaa yonimargam pottigaa ayyi yoni godalu mamdamgaa avutaayi.,153
12/2/2012,Appudappudu sexki dooramgaa vumdadam avasaram kuda. Oka clublo cheradamo gymlo vyayamam cheyyadamo vamtivi chesete sex meeda numdi drushti maralutumdi.,151
12/3/2012,Dating chestunnapudusabhyata samskaralanu paatimchadam gurtumchukomdi.  Tarachugaa aameni prasamsimchamdi.  Chinna vushayaale sakhyataki daari teestaayi.  ,155
12/4/2012,Yogabhyasam cheyyadam mimmalni adhika laimgika vaamchalaku dooramgaa vumchutumdi. Mamchi bhojanapu alavaatlu korikalanu adupulo vumchukovadaniki sahayapadatayi.,160
12/5/2012,Sex korikalanu adupulo vumchukovalanukumte pornography choodadam leda itara stimulations ki dooramgaa vumdadam alavatu chesukovali,130
12/6/2012,Sambhogam samyamlo noppi kalagadam sadhaaranamgaa jarugutune vumtumdi. Ayite gynaecologist ni okasari sampradimchadam annividhaala mamchidi. ,141
,,
,,
,,
