"3/4/2013,Dhan ka aagman hoga par apne paiso ko sahi tareeke se shai jagah upyog karna jane. Faaltu kharchon se yathasambhav bachein.,MESH "
"3/4/2013,ghar ka vatavaran acha rahega. Aap apne saathi ke sath acha samay bitaenge. Pyyar aur pariwar dono hi khushnuma honge.,VRISHABH "
"3/4/2013,Aapki kadi aur sachi mehnat rang laegi. Pariwar aur career dono hi jagah apko parishram ka fal milega. Utsaahjanak din!,MITHUN "
"3/4/2013,Apni bhawnaon par kabu rakhein. Inse bahar nikalne ki koshish karein. Aapki bahu-karya kshamta  aaj office me sahayak saabit hogi.,KARK "
"3/4/2013,Aap aaj apne dil ki sunenge. Saath hi apne dhan ko achi tarah se kharch kar paenge. Aap karya kshamta ko doguna bhi kar sakte hain.,SIMH "
"3/4/2013,Graha Nakshatra aaj apki taraf hain. Sath hi apki romantic life bhi ache se chalti  rahegi. Aage badhte chalein.,KANYA "
"3/4/2013,Relationships me kathorta aa sakti hai. Apko khud samajna hoga ki apko kya chahiye aur use pane ke liye aap kya kar rahe hain.,TULA "
"3/4/2013,Neptune ke apke graha me hone ki wajah se apki romantic life acha mod legi. Aap apne partner ke sath khushnuma pal bitaenge.,VRISHCHIK "
"3/4/2013,Parivartan sansar ka niyam hai. Lekin is bar badlav apke liye acha hai. Apni urja ka sahi upyog karne ka samay aa gaya hai.,DHANU "
"3/4/2013,Aaj aap apni ghar - grihasthi tatha career ki drishti se apne astitva ke bare me soch vichar kar sakte hain. Kaafi mahatvapurn din!,MAKAR "
"3/4/2013,Aaj aap apne purani madhur smritiyan yaad kar sakte hain. Ye apko apne romantic life ke bare me bhi sochne ka mauka dega.,KUMBH "
"3/4/2013,Aaj aap apni eksarta se bahar niklenge. Ho sakta hai ki aap apne doston ya office ke mitron ke sath party pe jaen.,MEEN "
"3/5/2013,Samajik ya vaiyaktik taur par aap kisi bahas mein pad sakte hain. Apne gusse pe kabu rakhein aur afwaho se door rahein.,MESH "
"3/5/2013,Vyavasayik drishti se aapke unnati ke asaar hain. Par sath hi ye unnati apke sahkarmiyo ke beech irshya ka Vishay ban sakti hai.,VRISHABH "
"3/5/2013,Jeevan me kisi naye pyaar ki dastak dikhai de rahi hai. Aap kisi sudoor sthano pe ghumne ka plan bana sakte hain.,MITHUN "
"3/5/2013,Azaadi khushiyan aur srijanatmakta teeno hi aaj apke kshetra me hain. Ye apki buniyad ko majboot banane mein apki madad karega.,KARK "
"3/5/2013,Kaafi samay se chup rehne ke bad ab aap fir se apne purane avtar me wapas aaenge. Aap apni antarman ki sunenge aur dil se bolenge.,SIMH "
"3/5/2013,Aap abhi bhi kisi anjaan bhay ke saye me jee rahe hain. Ishwar par bharosa rakhein. Jo ho raha hain wo apko achchai ke liye hi hai.,KANYA "
"3/5/2013,Brihaspati ke apke graham me hone ki wajah se apka bhagya bali rahega. Aap wo sab haasil kar paenge jo aap pana chahte hain.,TULA "
"3/5/2013,Aapke career ke lakshyon ko haasil karne me apke doston ka yogdan hone wala hai. Islie apne jankaro ko kamtar na aankein.,VRISHCHIK "
"3/5/2013,pariwaar ke sath aap kisi lambe tour ya vacation pe jaa sakte hain. Apki prathmiktaein apn epariwar ki taraf kendrit hone wali hain.,DHANU "
"3/5/2013,Apne priyajano ko ahat karne ki wajah se aap pachtava mehsus karenge. Lekin wahi aapko utna hi pyaar bhi milne wala hai.,MAKAR "
"3/5/2013,Neptune ke mayavi shaktiyo ke karan aap logo ko apne parakhne ki kshamta par shak kar sakte hain. Soche samjhein fir karya karein.,KUMBH "
"3/5/2013,Aapne apni mehnat aur lagan se dobara logo ka vishwaas haasil kiya hai. Apka  parishram viphal apko apne lakshya ke nikat laega.,MEEN "
"3/6/2013,Apne dil ki sune ye aapke andar feel good factor leke aaega. Apne parijano ke sath kuch samay bitaein. Romance ke liye uttam samay.,MESH "
"3/6/2013,Aap apne karya se thoda vishram le sakte hain. Parijano ya dosto ke sath ek holiday trip pe jana acha rahega.,VRISHABH "
"3/6/2013,Aapka utsaah aur apka aatmvishwas apke andar sakaratmak urza jagaega. Nayi parishitiyan apko naya awsar dilaengi.,MITHUN "
"3/6/2013,Apne aapko ko faltu afwaho se pare rakh kar aap jeevan ke sukhon ka anand utha paenge. Aapke liye kafi ananddayak samay hai.,KARK "
"3/6/2013,SIMH pyaar ka dhyotak hai. Managl aapke romance ke kshetra ko badhaega jisse ki aapke rishton ki garmahat bani rahegi.,SIMH "
"3/6/2013,2009 ke baad se apki jo bhi aarthik sthiti thi usse bahar nikalne ka samay aa gaya hai. Aap apna ghar badalne ki soch sakte hain.,KANYA "
"3/6/2013,Pariwartan ka samay aa gaya hai. Ye wo samay hai jab aap purane samay se bahar niklenge. Aur apni asli shakti aur urza pehchanenge.,TULA "
"3/6/2013,Aap apne lakshyon ko aur unchai ke taraf le jaenge. Parties attend karna aapke liye vyavsayik taur par faydemand saabit hoga.,VRISHCHIK "
"3/6/2013,Aapke purane premi wapas laut sakte hain. Jiski wajah se aapki bhawnaon ya paristhitiyon me badlav aa sakta hai.,DHANU "
"3/6/2013,Aap aaj kuch srijanatmak soch sakte hain jo apke liye acha hoga. Sath hi apki proyagatmak vyavahar ki tareef bhi hogi.,MAKAR "
"3/6/2013,Samay aa gaya hai ki aap apne aap se bahar niklein. Apne samarthya tatha khoobiyon ko bina kisi duvidha ke pehchanein.,KUMBH "
"3/6/2013,Aapko prateet hoga ki aap apne swanva ke kafi kareeb aa gae hain. Aap khud ko prerna tatha samvednaon ke goto me paenge.,MEEN "
"3/7/2013,Apne priyajano ki taraf se kisi bhi galatfahmi ke prati sajag rahein. Dheer bane rahneki koshish karein aur apne dil ki sunein.,MESH "
"3/7/2013,Jeewan se aage badh kar sochne ke sapne apko mahatvakanchi banaenge. Pyar aur romance ke liye upyukt samay hai.,VRISHABH "
"3/7/2013,Aap aaj chote-mote jhagro mein pad sakte hain. Vyavsayik drishti se kisi bhi prakar ke dhoke se bachein. Har kisi pe bharosa na karein.,MITHUN "
"3/7/2013,Logo se milna julna aaj apki prathmiktaon me se ek hoga. Dhan vridhdhi ke asaar hain. Ativishvast hone se bachein.,KARK "
"3/7/2013,Brihaspati apke saamaajik jeewan mein khushiyan laane wale hain. Aap apne doston ke dwara parties par bulae ja sakte hain.,SIMH "
"3/7/2013,New moon aapke sanchaar kshetra mein seekhne bolne likhne tatha yatra ewam bhraman ke liye nayi sambhavnaein la sakta hai.,KANYA "
"3/7/2013,Dikhawtipan se bahar niklein. Aap jo hain wahi rahein aur apne rishton ko aur pragadh banane ki jugat me lag jaen.,TULA "
"3/7/2013,Shani aapke jeewan ke vibhinn kshetra mein ekjutta tatha sahridayta chahta hai. Apne dil ke prati sachche rahein.,VRISHCHIK "
"3/7/2013,Apni kshamtaon ka vistaar badhein aur karyakshetra mein aage badhein. Aaj aap apne mentors ya seniors ko prabhavit kar sakte hain.,DHANU "
"3/7/2013,Aap apne saathi ke sath bahut hi adbhut chemistry share karte hain jo aapko jindadil aur utsaah se bhare rakhta hai. Aaj ke din ka anand uthaein.,MAKAR "
"3/7/2013,Neptune ka aapke dhan ke kshetra me aagman ho sakta hai jo aapki aarthik sthiti ko sudhridh karne me madad karega.,KUMBH "
"3/7/2013,Aap srijanatmak taur par kaafi upar hain. Dino ke badhne ke sath hi apke pas dhan aur ijjat dono hi aate rahenge.,MEEN "
"3/8/2013,Prarthna tatha dhyan ke liye upyukt samay hai. Aap ek vicharsheel jeevan ki taraf deh rahe hain. Apni ikshaon ko roop dein.,MESH "
"3/8/2013,Aaj aap karyakshetra mein kuch sujhav pesh kar sakte hain. Apke acche sujhav ka taaliyo ke sath swagat kiya jaega.,VRISHABH "
"3/8/2013,Aap apne sthayitva ko tod paenge aur umango ke saath jindagi jee paenge. Sath hi aap apne jeewan mein aane wale badhaon ko paar kar paenge.,MITHUN "
"3/8/2013,Aapka aage badhna apke sahkarmiyo ke beech khule ya chhupe taur par irshya paida kar sakta hai. Apko uphaar bhi mil sakte hain.,KARK "
"3/8/2013,Shani ka aapke sanchaar ke kshetra me aagman ho sakta hai jisse ki aapke vyaapar mein aur samriddhi aa sakti hai.,SIMH "
"3/8/2013,Aap abhi bhi jyada do  jyada paoge wali pravritti ko seekh rahe hain. Haan par thoda aatm - samarpit hone se khud ko bachaein.,KANYA "
"3/8/2013,Sampark apke jeewan ki vyavsayik kshetra mein kaam aa sakta hai. Lekin kuch bhi bolne se pehle thoda sochein jarur.,TULA "
"3/8/2013,Aapke samarthya ki pariksha hone wali hai islie kisi bhi prakar ke tanav se parhez rakhein. Apko apni zimmedariyo se thodi rahhat mil sakti hai.,VRISHCHIK "
"3/8/2013,Brihaspati ka aapke kshetra mein hona vyavsayik drishti se aapke jeewan mein aane wale sunahri sambhavnaon ka sanket de raha hai.,DHANU "
"3/8/2013,Apni srijanatmak soch ko mool aakar dene ka sahi samay aa gaya hai. Brihaspati tatha Shukra ka milan apke jeewan mein khushiyan lekar aaega.,MAKAR "
"3/8/2013,Apni soch ko vistaar dene ka samay aa gaya hai. Apne pichli gatividhiyon ka ankalan karein jinki vajah se aap yaha tak pahuche hain.,KUMBH "
"3/8/2013,Aapka jhukav dharm adhyatm prarthna yoga tatha pooja-archan ki taraf ho sakta hai. Ye apko man ki shaanti dega.,MEEN "
"3/9/2013,Apne kisi priyajan ki awhelna na karein. Halanki aap risks lene ki sthti mein hain lekin fir bhi aap kahi na kahi apne pyar ka apmaan kar rahe hain.,MESH "
"3/9/2013,Apne gusse pe kabu rakhein. Chote chote jhagro pe na padein. Apne aap ko aham ki bhawna se door rakhein.,VRISHABH "
"3/9/2013,Apke jeewan mein kisi nae pyaar ka aagaman hone wala hai. Aap kisi antar rashtriya vyavsayik ya vaiyaktik trip pe ja sakte hain.,MITHUN "
"3/9/2013,Apke sakaratmak soch ko apnane ki kriya apko kaafi aage tak le jane me sahayak siddh hogi. Aap apne kathinayio ko khud hi suljha paenge.,KARK "
"3/9/2013,Chandra ki antim disha is bar aapke kshetra mein hai. Jyada chintansheel hone se bachein tatha ati utsaahi hone se bachein.,SIMH "
"3/9/2013,Aap apne sambhavnaon ko vistaar de paenge. Apke dwara naye banae gae sampark aane wale samay apke liye labhdayak saabit honge.,KANYA "
"3/9/2013,Aap un sambhavnaon ki taraf dekh rahein hain jo apke liye gyanoparjan ka karya karega kyuki apka manna hai ki vidya hi dhan hai.,TULA "
"3/9/2013,Aap kisi gambhir vishayo mein vyast rahein hain. Apne kafi kuch haasil kar liya hai aur ab samay aa gaya hai ki aap ab aaram karein.,VRISHCHIK "
"3/9/2013,Buddh ki dasha aapke kshetra mein bani rahegi. Iske hone ki wajah se jeevan mein apke sampark aur vistaarit hote jaenge.,DHANU "
"3/9/2013,Aapke liye kaafi khushnuma din rahega. Aapke liye kaafi mauj hansi-majak punah jagran tatha parties ka samay hai.,MAKAR "
"3/9/2013,Aapko apne kharcho pe rok lagane ki jarurat hai. Jyada kharch karne se bachein. Sath hi jyada yatra karna apke liye aaramdayak nahi hoga.,KUMBH "
"3/9/2013,Ye samay uchch ewam srijanatmak vicharon ka hai. Aap is samay apne utkarsh par hain aur apka atma vishwas apke kathinayion ko suljhane me madad karega.,MEEN "
"3/10/2013,Apne doston ya sahkarmiyo se jyada ummeed karna apke liye hanikarak ho sakta hai. Apne aap pe bharosa rakhein aur apne lakshya ki taraf badhein.,MESH "
"3/10/2013,Apne doston ke sath chote holiday trips par jana acha rahega. Sath hi ye apko chal rahi vartman tanaw se bhi door rakhega.,VRISHABH "
"3/10/2013,Parishram ke fal milne wale hain. Aap sakaratmak urza tatha nayi sambhavnaon ko apne aas paas paenge jo apko kuch alag karne ki shakti dega..,MITHUN "
"3/10/2013,Hansmukh logon se milke aapke vichar thode aur sudhridh honge. Aap logon se aur ghul mil paenge. Sath hi ye apke samarthya ko bhi badhega.,KARK "
"3/10/2013,Aapki vichaar bhale hi ache ho par apko jarurat hai unko moort roop dene ki kuch aur naye srijanatmak roop mein. Apko apne aap ko samjhauton ke liye taiyar rakhein.,SIMH "
"3/10/2013,Apka dhyan pariwaarik maslon pe jaa sakta hai jaise ki bachon ke swasthya unki padhai sathi ke sath apne rishtey aadi.,KANYA "
"3/10/2013,Aaj aap apne sambhavnaon ko vistaar dene ka sochenge. Sath hi pariwaar mein chal rahi kisi galatfahmi ko bhi door kar paenge.,TULA "
"3/10/2013,Aaj aapae srijanatmak vyavahar ki apeksha rakhi jaa sakti hai. Paisa aur pyaar dono hi aapke kshetra mein hain.,VRISHCHIK "
"3/10/2013,Aapke rishtey tatha sambandhon mein samajh aur garmahat rahegi. Aapka vikaas goodh sarvangeen ewam bahi mukhi hoga.,DHANU "
"3/10/2013,Karyakshetra mein aapki kadi mehnat aapke takat ewam shohrat dono ko badhaegi. Aaj aap kafi urzawaan rahne wale hain.,MAKAR "
"3/10/2013,Aapke naye vichaar aapko pragati ki or leke jaaenge. Karyakshetra mein hone wale badlav lambe samay tak kaam aane wale hain.,KUMBH "
"3/10/2013,Aaj aap shakti pratigya tatha utssah se bhare pade hain. Khushiyan unnati aur santushti aapke kshetra mein hain.,MEEN "
"3/11/2013,Aapke kashton ka ant hone wala hai. Aawkash aaram utsaah ki chamak jald hi aapke darwaze pe dastak dene wali hai.,MESH "
"3/11/2013,Aaj aap apne sanvednaon ko achi tarah se prakat kar paenge. Aap apne saathi ke sath kuch ache lamhe bhi guzaar sakte hain.,VRISHABH "
"3/11/2013,Aapka prem prasang aapke liye hriday vidarak ho sakta hai. Chote mote gharelu jhagron ki bhi ashanka hai. Rishton ko tootne se bachaein.,MITHUN "
"3/11/2013,Aap pehle se kahi jyada aatm vishwas se bhare hain. Aap apne samarthya ko jaante hain jo aapki sabse mahatvapoorn shakti hai.,KARK "
"3/11/2013,Aaj aap apne rishton se thodi samajh aur buddhi me pragadhta laa paenge. Aap aaj apne bhawnaon ke adheer rahenge.,SIMH "
"3/11/2013,Aap krantikaari vicharo se ot prot rahenge. Ye aapke andar kuch aise badlaav laa sakta hai jo aapke kiye faydemand siddh hoga.,KANYA "
"3/11/2013,Ghar par kuch bahas ho sakti hai jiski wajah se aapke karyakshetra mein aapka man nahi lagega. Aapki prathmikta rishton ke taraf jyada rahegi.,TULA "
"3/11/2013,Samaaj mein apki ijjat badhne wali hai jo aapke aham ko kaafi had tak santushti dega. Is baar aapki jholi mein khushiyan hi khushiyan rahengi.,VRISHCHIK "
"3/11/2013,Vyavsayik aur vaiyaktik dono hi taur par safalta aapke paas aane wali hai. Aapka aatm vishwaas apko kathin se kathin karyo ko poora karne ki shakti dega.,DHANU "
"3/11/2013,Apne kadmo ko sahi disha mein badhaein. Lalach karne ki wajah se aap kuch kho na dein. Ye aapke liye hanikarak ho sakta hai.,MAKAR "
"3/11/2013,Aapne apne upar kaafi karya bhaar le liya hai aur aap unko poora karne ke liye jee jaan se lag gae hain. Aapki mahatvakanchaein aapko aage le jaengi.,KUMBH "
"3/11/2013,Pariwar ki taraf se  kaafi khushiyan milne wali hain. Aap apr ishwar ka ashirwaad hai. Agar kisi rishtedaar ki surgery hone wali hai to wo safal hogi.,MEEN "
"3/12/2013,Aapke rishton me najdeeki aur garmahat dono bani rahengi. Aap apne priyajano ke sath kuch ache pal bitaenge. Aaj ka din kafi acha rahega.,MESH "
"3/12/2013,Aaj apke andar samaajik karya ya kisi jaruratmand ki madad karne ka vichaar aaega. Yatharthwadi bane rahein.,VRISHABH "
"3/12/2013,Aapke swabhaw mein badlaav aa sakta hai. Aapke karibi logo ke liye aapse baat karna kathin hoga. Aap yoga tatha dhyan ko vikalp le sakte hain.,MITHUN "
"3/12/2013,Aapko tarkik tathaa vyavahar kushal hona padega. Saawdhani bartein warna aapki safalta aur khushiyan apko ghamandi bana sakti hai. ,KARK "
"3/12/2013,Aapke saamne kaafi chunautiyan aane wali hain khas kar aapke rishton mein. Ghar mein hone wali pareshaniyon se bachein.,SIMH "
"3/12/2013,Apna bahumulya samay jhagron me barbad na karein. Ye samay hai apni sambhavnaon ko pehchanne tatha upyog mein laane ka.,KANYA "
"3/12/2013,Aapko apne swasthya pe dhyan dene ki jarurat hai. Behtar hoga ki aap khane pe ehtiyaat bartein tatha vyayaam karna shuru karein.,TULA "
"3/12/2013,Sitare aapke taraf hain aur aap par ishar ki anukampa hai. Paisa aur vikaas dono hi aapke sath hain. Jeevan mein aage badhte chalein.,VRISHCHIK "
"3/12/2013,Anchahe sujhao tatha upayon se door rahein. Bina kuch soche samjhe aage badhna murkhtapurn hoga. Ruke dekhein fir aage badhein.,DHANU "
"3/12/2013,Aapko ye samajhna hoga paisa hi sabhi paap ki jad hai. Aisa kuch bhi na karein jo ghar mein uljhanein paida kar sakta hai.,MAKAR "
"3/12/2013,Samay ke sath aapse apekshaein bhi badhti jaa rahi hain. Aap un sabko khushi se pura kar paenge. Vikaas ke liye bahut hi uttam samay hai.,KUMBH "
"3/12/2013,Apka dimaag bhawnaon ke adheer rahega. Aap antar rashtriya darze par logo se sampark mein hain. Vikaas poori tarah aapke kshetra mein hai.,MEEN "
"3/13/2013,Aap aane wale samay ke liye bahut tezi se aage badh rahein hain. Yah kaafi mahatvapoorn sthiti hai jaha bhautik tatha paarlaukik unnati ek sath aaengi.,MESH "
"3/13/2013,Aane apne aapko poori tarah se karyakshetra mein jhonk diya hai. Aap naye mitra banenge. Jeewan mein kisi naye pyaar ke aane ki sambhavna hai.,VRISHABH "
"3/13/2013,Bhanatmak roop se aap par kaafi tanav rahega jiski wajah se aapke swasthya pe asar pad sakta hai. Acha rahega ki aap aap shaant aur dheer bane rahein.,MITHUN "
"3/13/2013,Aapki sakaratmak soch tatha drishti apki sabhi gatiwidhiyon par acha asar daalne wali hai. Ye aapke karya tatha ghar par acha asar dalegi.,KARK "
"3/13/2013,Rishton ki ahmiyat ko samjhna jaruri hai. Par fir bhi agar apko isse kuch nahi mil paa raha to nirutsahit na ho. Aako kuch na kuch acha jarur seekhenge.,SIMH "
"3/13/2013,Aap kisi aise vyakti se mil sakte hain jiska aap par kafi acha prabhav padega. Is wajah se aapki jeewan mein ache badlav aaenge.,KANYA "
"3/13/2013,Aapne aage badhne ke liye kaafi nipun aur naveen vichaar soch rakhe hain. Ye apko aapke sapne ashaein tatha lakshya ko poora karne me madad karenge.,TULA "
"3/13/2013,Aapne apne aap ko prarthna aur dhyaan ki taraf mod diya hai. Ye aapke ishwar par aseem vishwaas ko darshata hai.,VRISHCHIK "
"3/13/2013,Aapka acha vyavahar apko rishton ki jatiltaon se bahar nikalega. Vyavsayik tatha vaiyaktik drishti se vikaas hoga.,DHANU "
"3/13/2013,Aapke yojna mein kuch badhaein aa sakti hain jisse ki aapke andar aane wale kal ko lekar dar aa sakta hai. Parivartan hona anivarya hai.,MAKAR "
"3/13/2013,Aap apna samay aur batua dono dekh kar apni jimmedariya poori karne mein lage hain. Aapke sampark kaafi prabuddh hone wale hain.,KUMBH "
"3/13/2013,Aapko santwana tatha sahanubhuti ka abhaas hoga. Sath hi aapko vyaavsayik taur par dayitwa ka nirwaah karna padega.,MEEN "
"3/14/2013,Pariwaarik jeewan sukhad hoga lekin aap apne kaam me itne vyast rahenge ki aap parijano ke liye paryapt samay nahi nikal paenge.,MESH "
"3/14/2013,Aane apne aapko poori tarah se karyakshetra mein jhonk diya hai. Aap naye mitra banenge. Jeewan mein kisi naye pyaar ke aane ki sambhavna hai.,VRISHABH "
"3/14/2013,Chahe anchahe aap galat logon ke beech mein aa sakte hain. Ache mizaaz mein na hone ki wajah se aapko sab kuch galat lag sakta hai.,MITHUN "
"3/14/2013,Aapko apni kaabiliyat par poora bharosa hai par aapke aspas ke log bhi aapki himmat aur takat ban sakte hain. Khushiyan aapki jholi mein aaengi.,KARK  "
"3/14/2013,Pariwaar aur doston ke sath kuch halke-fulke pal honge. Aapka samay doosron ki madad karne mein jaega. Kabhi kabhi aap bhawuk bhi ho sakte hain.,SIMH "
"3/14/2013,Apne soche hue vicharon pe amal karne ka sahi samay aa gaya hai.Ye waqt aapko kuch sikhane wala hai. Samay ka sadupyog karein.,KANYA "
"3/14/2013,Aap apne apko kritagya mehsoos karenge. Apne aas paas ke mahaul ko aap kaafi pasand karne wale hain.  Aap aaram ki zindagi ke talash mein rahenge.,TULA "
"3/14/2013,Fizaaon mein pyaar hai jo aapko aage ki taraf le jaega. Aap par aashirwaad bana hua hai aur sitare aapke taraf hain.,VRISHCHIK "
"3/14/2013,Satta unnati aur darza teeno hi lagataar badhte rahenge. Apne lakshya pe nazar banae rakhein. Aane wala samay uttam rahega.,DHANU "
"3/14/2013,Aap aarthik taur par kaafi acha karne wale hain. Aap un unchaiyon pe pahuchne wale hain jahan apko lagega ki aapne duniya mutthi mein kar li hai.,MAKAR "
"3/14/2013,Jeewan ne aapko kai cheezein sikhai hain. Ye kaafi mahatvapurn  sthiti hogi jahan aapko apne awsaron ka poora fayda uthana hai.,KUMBH "
"3/14/2013, Aapko santwana tatha sahanubhuti ki anubhuti hogi. Aapke karyakshetra ki taraf se aapse jimmedari ki apeksha hai.,MEEN "
"3/15/2013,Apne priyajano ki taraf se udassenta se bachein. Apne sunahre palo ko sajo ke rakhein. Ye aage kaam aane wale hain.,MESH "
"3/15/2013,Apne mitron ke saath kuch samay bitaein. Thoda samay mauj masti ke liye nikalein. Ye daur pariksha ka hai islie dheer aur shaant bane rahein.,VRISHABH "
"3/15/2013,Poorn Chandrma is baar aapke kshetra mein hai aur yah mahatvapoorn ho sakta hai. Aapki soch ab shayad yatharthwaadi nahi ho sakti.,MITHUN "
"3/15/2013,Aap apne purane beete hue khushnuma palon ko kaafi yaad karte hain. In sab se bahar niklein aur aage ki or badhein.,KARK "
"3/15/2013,Aap apne charon taraf khushiyan laane ki har sambhav koshish kar rahe hain. Iske liye aap ache saude bhi kar rahe hain.,SIMH "
"3/15/2013,Paison ko kabhi bhi apne jeewan mein itni ahmiyat naa dein. Aapka pariwaar apke liye isse jyada mahatvapurn hai.,KANYA "
"3/15/2013,Aap ek hi cheez ko dobara aur baar baar karte rehte hain. Ye aapke karyakshetra ko aur vyast banaega. Aapko ab aaram karne ki jarurat hai.,TULA "
"3/15/2013,Aapka vartmaan samay aapko unnati aur jeet ki raah par le jaa raha hai. Swasthya acha rahega aur aap apne parijano ke saath acha samay bita paenge.,VRISHCHIK "
"3/15/2013,Buddha ki aapki dashaa mein hone ki wajah se aap ke sanchaar tatha sampark ke kshetra mein vistaar hote rahenge.,DHANU "
"3/15/2013,Aapke paas naye vichaar tatha nayi yojnaein hain lekin aap samaj nahi paa rahe ki kahan se shuru karein. Aapko aankalan karne ki jarurat hai.,MAKAR "
"3/15/2013,Aap ab naye lakshya ki or badhte jaa rahe hain. Apne pariwaar vaiyaktik tatha vyavsayik maslon ke beech aap ache se santulan bana paenge.,KUMBH "
"3/15/2013,Aap srijanatmak roop se kaafi upar jaane wale hain. Samay aake anukool hoga. Aapke liye aage badhne ka samay aa gaya hai.,MEEN "
"3/16/2013,Aapka jhukaaw chintansheel jeewan ki or ho gaya hai. Lekin iske saath hi aapko gharelu maslon pe bhi kaam karne ki jarurat hai.,MESH "
"3/16/2013,Aap apne srijantamak vyavahaar ke liye apne doston aur sahkarmiyo ke beech jaane jaenge. Aaj aap apne aas paas ke logo ki tareef paenge.,VRISHABH "
"3/16/2013,Aapko lagega ki aapko jaisa hona chahiye aap waise nahi hain. Aap aaj ke din khud ko snehi aur hansmukh banae rakhenge.,MITHUN "
"3/16/2013,Rozgaar mein badhotari hogi. Sampatti ya kisi anya prakar ke uphaar milne ki sambhavna hai. Aapko jeewan ke sundar hone ka ehsaas hoga.,KARK "
"3/16/2013,Aap apne priyajano ke prem tatha unki sewa se abhibhoot hoke bhanatmak rahenge. Ye sambandhon mein pyaar laega.,SIMH "
"3/16/2013,Aapke aur aapke saathi ke beech aarthik maslon mein bahas ho sakti hai. Chote chote jhagron me padne se bachein.,KANYA "
"3/16/2013,Aapke kshetra mein karya aur prem ka aagaman hoga. Aapki prathmiktaein vyaapaar se sambandhon ki taraf ho sakti hai.,TULA "
"3/16/2013,Aap uchcha tareeke ki baithak aur conference mein shaamil ho sakte hain. Antar rashtriya bhraman ki bhi sambhavnaein hain.,VRISHCHIK "
"3/16/2013,Alag alag tarah ki soch aapke dimag mein aa sakte hain. Apne lakshya se bhatke nahi. Is baar halka padna aapki madad karega.,DHANU "
"3/16/2013,Aaj aap samajik karyon ke liye samay nikal sakte hain. Aap bagwaani yaa fir jangal ki sair ke liye nikal sakte hain.,MAKAR "
"3/16/2013,Is mahine aapke sath kaafi utaar chadhaw hone ki sambhavna hai. Apne parijano aur apne pariwaar ke sath samay vyateet karne se apka tanaw kuch kam hoga.,KUMBH "
"3/16/2013,Vitt aur dhan realty stocks partnerships loans ya kisi anya prakar ke sunahre awsar is baar aapke haath aa sakte hain.,MEEN "
"3/17/2013,Aap alag alag dishaon mein ek saath aage badhne ki sochenge. Lekin ye sab kuch karna abhi aapke hit mein nahi hoga. Aankalan karne ki jarurat hai.,MESH "
"3/17/2013,Aap apne samarthyanusaar har jagah sampark kar rahe hain. Aap samay rehte apne deadlines ko poora karne mein safal honge.,VRISHABH "
"3/17/2013,Aap naye contracts tatha saudon par kam kar sakte hain. Kisi bbhi tarah ki dhoke se bachne ke liye aap har tarah se ehtiyaat barat rahe hain.,MITHUN "
"3/17/2013,Vyavsayik taur par aapke parishram ki pehchan hogi aur uska fal milega. Bhagwaan pe bahrosa rakhein aur aage badhte rahein.,KARK "
"3/17/2013,Aap is samay jyada kharcheele ho sakte hain aur kuch aisi cheezein khareed sakte hain jinki jarurat nahi hai. Faltu kharchon se bachein.,SIMH "
"3/17/2013,Media mein kaam karne waale logon ke liye bahut hi anukool samay hai. Aap poori mehnat aur imaandaari se karne wale hain.,KANYA "
"3/17/2013,Rachnatmak taur par kaam karne wale logon ko unke prayas ke liye  puraskrit kiya jaa sakta hai. Ye vetan mein badhotari ya koi uphaar bhi ho sakta hai.,TULA "
"3/17/2013,Yojnaon mein vikaas hoga. Aapka swasthya acha hai aapke swabhaw me badlav aaega aur aap sakaratmak urza ka anubhaw karenge.,VRISHCHIK "
"3/17/2013,Latke hue masle sulajh sakte hain. Naye projects ke liye majboot neew rakhi jaa sakti hai. Jyada aakramak na ho.,DHANU "
"3/17/2013,Aap apne swabhaw  haw bhawaur acharan ko aur nikhaarne ka soch sakte hain. Aaj aap kuch apoorn karya bhi poora kar sakta hain.,MAKAR "
"3/17/2013,Kisi pustakalaya ya bookstore mein jaake darshan shashtra tatha manovigyaan ki kitabein padhein. Aaj ka din gyan badhane ke liye kaafi upyyukt hai.,KUMBH "
"3/17/2013,Raftaar badhane ka samay aa gaya hai. Apne aur apne saathi ke beech ki galatfahmi ko door karne ki koshish karein. Han lekin shabdon ka dhyan rakhein.,MEEN "
"3/18/2013,Jahan ek taraf aapki aakanchaein poori hone wali hain wahin aapke andar bechaini bhi hai. Samajik taur par milna julna ho sakta hai.,MESH "
"3/18/2013,Apko apna dhyaan rakhne ki jarurat hai. Apni adaton se bahar niklein aur vyayam ki taraf dhyan kendrit karein. Acha khane ki aadat dalein.,VRISHABH "
"3/18/2013,Aapke andar sochne ki samajh hai aur apko apne andar ke bachche ko jagane ki jarurat hai. Befikri ke din jeeyein.,MITHUN "
"3/18/2013,Agar aapko milna julna pasand nahi hai to na karein lekin jhagron aur bahason se door rahein. Apni bhawnaon ko lekar imaandaar rahein.,KARK "
"3/18/2013,Apne puraane bichde doston ko yaad karein aur unse baatein karein jinse apne bahut samay tak baat nahi ki hai. Aaj log aapko sunenge.,SIMH "
"3/18/2013,Aisho - araam ka jeewan jeeyein  lekin apne samarthya anusaar hi. Kaafi mehnat karne ke baad ye araam karna aapke liye acha rhega.,KANYA "
"3/18/2013,Aapko pariwaar ya doston ke beech kisi shaadi pe bulaya jaa sakta hai. In sab ke bawjood bhi aap apne karyakshetra mein acha kar paenge.,TULA "
"3/18/2013,Aaj khud ko apna saathi banaein. Aap chandra ki dasha ki taraf badh rahein hain islie apne aap ko dhakele nahi. Vitamin C lena acha rahega.,VRISHCHIK "
"3/18/2013,Dosti aapke dimaag pe aaj chhayi rahegi. EK aisa dost dhundhein jo aapke bure samay mein aapka kandhe se kandhe milake sath de.,DHANU "
"3/18/2013,Aaj koi mahila sahkarmi karya mein aapki madad kar sakti hai. Karyakshetra ki raf se aaj aap kaafi had tak santusht rahenge.,MAKAR "
"3/18/2013,Aap naye reeti - riwajon ko seekhna chahenge. Apne man ko thoda khulapan dein. Aap kaafi achcha mehsoos karenge.,KUMBH "
"3/18/2013,Agar apke aur apke dost ke beech kisi bat ko lekar bahas hoti hai to behtar hoga ki apne dost ko baat rakhne ka mauka dein.,MEEN "
